Rk,Name,Prfct,Gcar,Gtm,Year,Date,Tm,,Opp,Rslt,Inngs,Dec,DR,IP,H,R,ER,BB,SO,HR,HBP,ERA,FIP,BF,Pit,Str,StL,StS,GB,FB,LD,PU,Unk,GSc,SB,CS,PO,AB,2B,3B,IBB,GDP,SF,ROE,aLI,WPA,acLI,cWPA,RE24,Name-additional
1,Blake Snell*,,202,111,2024,Aug 2,SFG,@,CIN,W3-0,SHO,W,5,9.0,0,0,0,3,11,0,0,4.29,,29,114,78,25,21,2,13,3,1,0,95,0,0,0,26,0,0,0,0,0,0,.81,0.524,.45,0.18%,4.73,snellbl01
2,Dylan Cease,,145,105,2024,Jul 25,SDP,@,WSN,W3-0,SHO,W,4,9.0,0,0,0,3,9,0,0,3.50,,28,114,71,15,16,12,4,1,0,0,93,0,1,0,25,0,0,0,1,0,0,.77,0.429,.89,0.30%,4.34,ceasedy01
3,Ronel Blanco,,25,5,2024,Apr 1,HOU,,TOR,W10-0,SHO,W,99,9.0,0,0,0,2,7,0,0,0.00,,29,105,73,14,17,12,8,1,4,0,92,0,0,0,27,0,0,0,0,0,0,.36,0.202,.26,0.09%,4.36,blancro01
4,Michael Lorenzen,,333,115,2023,Aug 9,PHI,,WSN,W7-0,SHO,W,5,9.0,0,0,0,4,5,0,0,3.23,,31,124,76,22,12,7,15,3,0,0,88,0,0,0,27,0,0,0,0,0,0,.37,0.197,.36,0.12%,4.67,lorenmi01
5,Framber Valdez*,,119,108,2023,Aug 1,HOU,,CLE,W2-0,SHO,W,5,9.0,0,0,0,1,7,0,0,3.07,,27,93,65,16,15,12,7,4,0,0,93,0,0,0,26,0,0,0,1,0,0,.89,0.561,1.62,0.61%,4.60,valdefr01
6,Domingo Germán,Y,107,80,2023,Jun 28,NYY,@,OAK,W11-0,SHO,W,5,9.0,0,0,0,0,9,0,0,4.54,,27,99,72,20,17,8,10,1,2,0,96,0,0,0,27,0,0,0,0,0,0,.35,0.236,.30,0.12%,4.23,germado01
7,Reid Detmers*,,11,32,2022,May 10,LAA,,TBR,W12-0,SHO,W,5,9.0,0,0,0,1,2,0,0,3.77,,28,108,68,17,8,11,14,4,2,0,88,0,0,0,27,0,0,0,1,0,1,.21,0.140,.26,0.11%,4.39,detmere01
8,Tyler Gilbert*,,4,118,2021,Aug 14,ARI,,SDP,W7-0,SHO,W,6,9.0,0,0,0,3,5,0,0,0.00,,28,102,64,14,9,7,13,5,1,0,89,0,0,0,25,0,0,0,1,0,0,.30,0.171,.00,0.00%,4.55,gilbety01
9,Corey Kluber,,218,43,2021,May 19,NYY,@,TEX,W2-0,SHO,W,4,9.0,0,0,0,1,9,0,0,2.86,,28,101,71,25,13,9,9,4,1,0,95,0,0,0,27,0,0,0,0,0,0,.94,0.632,1.08,0.44%,4.69,klubeco01
10,Spencer Turnbull,,51,42,2021,May 18,DET,@,SEA,W5-0,SHO,W,4,9.0,0,0,0,2,9,0,0,2.88,,29,117,77,18,17,12,6,3,1,0,94,1,0,0,27,0,0,0,0,0,0,.84,0.500,.28,0.10%,4.46,turnbsp01
11,Wade Miley*,,261,30,2021,May 7,CIN,@,CLE,W3-0,SHO,W,6,9.0,0,0,0,1,8,0,0,2.00,,29,114,72,23,8,15,5,3,1,0,94,0,0,0,28,0,0,0,0,0,1,1.00,0.603,.92,0.33%,4.69,mileywa01
12,John Means*,,49,31,2021,May 5,BAL,@,SEA,W6-0,SHO,W,4,9.0,0,0,0,0,12,0,0,1.37,,27,113,79,13,25,3,12,4,5,0,99,0,1,0,27,0,0,0,0,0,0,.65,0.421,.56,0.22%,4.46,meansjo01
13,Carlos Rodón*,,99,12,2021,Apr 14,CHW,,CLE,W8-0,SHO,W,8,9.0,0,0,0,0,7,0,1,0.00,,28,114,75,21,19,10,10,3,2,0,94,0,0,0,27,0,0,0,0,0,0,.16,0.115,.17,0.07%,4.78,rodonca01
14,Joe Musgrove,,110,8,2021,Apr 9,SDP,@,TEX,W3-0,SHO,W,5,9.0,0,0,0,0,10,0,1,0.00,,28,112,77,24,15,10,7,3,1,0,97,0,0,0,27,0,0,0,0,0,0,.68,0.471,.65,0.27%,4.69,musgrjo01
15,Alec Mills,,28,48,2020,Sep 13,CHC,@,MIL,W12-0,SHO,W,4,9.0,0,0,0,3,5,0,0,3.93,,29,114,74,26,5,10,11,5,4,0,89,0,0,0,26,0,0,0,1,0,0,.32,0.205,.16,0.06%,5.03,millsal02
16,Lucas Giolito,,81,30,2020,Aug 25,CHW,,PIT,W4-0,SHO,W,4,9.0,0,0,0,1,13,0,0,3.09,,28,101,74,18,28,6,8,2,3,0,99,0,0,0,27,0,0,0,0,0,0,.52,0.327,.56,0.21%,4.78,giolilu01
17,Justin Verlander,,448,138,2019,Sep 1,HOU,@,TOR,W2-0,SHO,W,4,9.0,0,0,0,1,14,0,0,2.56,,28,120,79,19,22,6,7,1,4,0,100,0,0,0,27,0,0,0,0,0,0,.99,0.666,.24,0.10%,4.82,verlaju01
18,Mike Fiers,,181,37,2019,May 7,OAK,,CIN,W2-0,SHO,W,5,9.0,0,0,0,2,6,0,0,5.48,,29,131,83,24,10,10,11,0,4,0,91,0,0,0,27,0,0,0,1,0,1,.98,0.622,.63,0.24%,4.67,fiersmi01
19,James Paxton*,,82,34,2018,May 8,SEA,@,TOR,W5-0,SHO,W,5,9.0,0,0,0,3,7,0,0,3.40,,29,99,64,14,13,10,9,3,3,0,91,0,0,0,26,0,0,0,1,0,0,.63,0.287,.72,0.20%,4.51,paxtoja01
20,Sean Manaea*,,59,21,2018,Apr 21,OAK,,BOS,W3-0,SHO,W,5,9.0,0,0,0,2,10,0,0,1.23,,30,108,75,19,14,9,9,2,5,0,95,0,0,0,28,0,0,0,0,0,1,.73,0.440,.57,0.21%,4.46,manaese01
21,Edinson Vólquez,,270,54,2017,Jun 3,MIA,,ARI,W3-0,SHO,W,4,9.0,0,0,0,2,10,0,0,3.79,,27,,,25,13,11,4,1,1,0,95,0,0,0,25,0,0,0,2,0,0,1.04,0.593,.43,0.15%,4.19,volqued01
22,Jake Arrieta,,140,16,2016,Apr 21,CHC,@,CIN,W16-0,SHO,W,4,9.0,0,0,0,4,6,0,0,0.87,,29,119,71,23,11,11,8,5,2,0,89,0,0,0,25,0,0,0,1,0,0,.32,0.185,.43,0.15%,4.50,arrieja01
23,Max Scherzer,,240,161,2015,Oct 3(2),WSN,@,NYM,W2-0,SHO,W,4,9.0,0,0,0,0,17,0,0,2.79,,28,109,80,20,22,6,5,2,2,0,104,0,0,0,28,0,0,0,0,0,1,1.01,0.587,.00,0.00%,4.05,scherma01
24,Jake Arrieta,,130,129,2015,Aug 30,CHC,@,LAD,W2-0,SHO,W,4,9.0,0,0,0,1,12,0,0,2.11,,29,116,80,18,19,8,8,4,1,0,98,0,0,0,27,0,0,0,0,0,1,.92,0.565,.63,0.23%,3.97,arrieja01
25,Mike Fiers,,75,123,2015,Aug 21,HOU,,LAD,W3-0,SHO,W,4,9.0,0,0,0,3,10,0,0,3.62,,30,134,88,23,13,8,9,1,5,0,94,0,0,0,27,0,0,0,0,0,0,.79,0.437,1.50,0.50%,4.25,fiersmi01
26,Hisashi Iwakuma,,102,115,2015,Aug 12,SEA,,BAL,W3-0,SHO,W,4,9.0,0,0,0,3,7,0,0,3.86,,29,116,77,14,19,11,8,3,1,0,91,0,0,0,26,0,0,0,1,0,0,.81,0.401,.25,0.07%,4.16,iwakuhi01
27,Cole Hamels*,,295,99,2015,Jul 25,PHI,@,CHC,W5-0,SHO,W,5,9.0,0,0,0,2,13,0,0,3.64,,29,129,83,24,26,6,8,4,0,0,98,2,0,0,27,0,0,0,0,0,0,.64,0.353,.00,0.00%,4.10,hamelco01
28,Max Scherzer,,221,69,2015,Jun 20,WSN,,PIT,W6-0,SHO,W,5,9.0,0,0,0,0,10,0,1,1.76,,28,106,82,14,13,4,13,3,3,0,97,0,0,0,27,0,0,0,0,0,0,.54,0.378,.76,0.32%,4.26,scherma01
29,Chris Heston,,15,59,2015,Jun 9,SFG,@,NYM,W5-0,SHO,W,6,9.0,0,0,0,0,11,0,3,3.77,,29,110,72,28,11,13,2,0,0,0,98,0,0,0,26,0,0,0,1,0,0,.56,0.320,.74,0.25%,4.05,hestoch01
30,Jordan Zimmermann,,145,162,2014,Sep 28,WSN,,MIA,W1-0,SHO,W,7,9.0,0,0,0,1,10,0,0,2.66,,28,104,79,14,17,5,12,6,4,0,96,0,0,0,27,0,0,0,0,0,0,1.10,0.717,.00,0.00%,4.14,zimmejo02
31,Tim Lincecum,,237,79,2014,Jun 25,SFG,,SDP,W4-0,SHO,W,4,9.0,0,0,0,1,6,0,0,4.42,,28,113,73,15,11,12,9,2,1,0,92,0,0,0,27,0,0,0,0,0,0,.65,0.398,.83,0.30%,3.78,linceti01
32,Clayton Kershaw*,,194,74,2014,Jun 18,LAD,,COL,W8-0,SHO,W,4,9.0,0,0,0,0,15,0,0,2.52,,28,107,79,18,22,9,4,1,0,0,102,0,0,0,28,0,0,0,0,0,1,.24,0.155,.33,0.13%,3.82,kershcl01
33,Josh Beckett,,324,51,2014,May 25,LAD,@,PHI,W6-0,SHO,W,4,9.0,0,0,0,3,6,0,0,2.43,,30,128,80,29,13,10,11,3,3,0,90,0,0,0,27,0,0,0,0,0,0,.56,0.337,.61,0.22%,4.02,beckejo02
34,Henderson Alvarez III,,58,162,2013,Sep 29,MIA,,DET,W1-0,SHO,W,4,9.0,0,0,0,1,4,0,1,3.59,,30,99,66,21,6,14,10,4,2,0,90,0,0,0,28,0,0,0,0,0,1,1.02,0.653,.00,0.00%,4.07,alvarhe01
35,Tim Lincecum,,208,93,2013,Jul 13,SFG,@,SDP,W9-0,SHO,W,4,9.0,0,0,0,4,13,0,1,4.26,,32,148,96,23,27,6,8,2,0,0,96,1,0,0,27,0,0,0,0,0,0,.33,0.192,.18,0.06%,3.63,linceti01
36,Homer Bailey,,128,84,2013,Jul 2,CIN,,SFG,W3-0,SHO,W,5,9.0,0,0,0,1,9,0,0,3.57,,28,109,74,17,16,8,10,3,3,0,95,0,0,0,27,0,0,0,0,0,0,.77,0.461,.92,0.33%,4.03,baileho02
37,Homer Bailey,,110,157,2012,Sep 28,CIN,@,PIT,W1-0,SHO,W,4,9.0,0,0,0,1,10,0,0,3.75,,28,115,74,20,15,11,7,2,2,0,96,1,1,0,27,0,0,0,0,0,1,1.37,0.799,.29,0.10%,4.07,baileho02
38,Félix Hernández,Y,230,119,2012,Aug 15,SEA,,TBR,W1-0,SHO,W,4,9.0,0,0,0,0,12,0,0,2.60,,27,113,77,18,24,8,7,2,0,0,99,0,0,0,27,0,0,0,0,0,0,1.07,0.712,.03,0.01%,4.10,hernafe02
39,Matt Cain,Y,217,63,2012,Jun 13,SFG,,HOU,W10-0,SHO,W,5,9.0,0,0,0,0,14,0,0,2.18,,27,125,86,29,14,6,7,0,1,0,101,0,0,0,27,0,0,0,0,0,0,.19,0.124,.23,0.09%,3.81,cainma01
40,Johan Santana*,,350,52,2012,Jun 1,NYM,,STL,W8-0,SHO,W,5,9.0,0,0,0,5,8,0,0,2.38,,32,134,77,21,18,3,16,5,4,0,90,0,0,0,27,0,0,0,0,0,0,.77,0.339,.89,0.24%,4.07,santajo02
41,Jered Weaver,,183,25,2012,May 2,LAA,,MIN,W9-0,SHO,W,4,9.0,0,0,0,1,9,0,0,1.61,,29,121,77,25,10,5,14,0,5,0,95,0,0,0,28,0,0,0,0,0,0,.25,0.161,.17,0.06%,4.19,weaveje02
42,Philip Humber,Y,56,14,2012,Apr 21,CHW,@,SEA,W4-0,SHO,W,4,9.0,0,0,0,0,9,0,0,0.63,,27,96,67,23,14,5,13,3,5,0,96,0,0,0,27,0,0,0,0,0,0,.60,0.399,.61,0.24%,4.10,humbeph01
43,Ervin Santana,,195,105,2011,Jul 27,LAA,@,CLE,W3-1,CG,W,4,9.0,0,1,0,1,10,0,0,3.47,,29,105,76,25,13,13,5,0,1,0,94,1,0,0,28,0,0,0,0,0,1,1.14,0.544,1.76,0.50%,3.24,santaer01
44,Justin Verlander,,173,34,2011,May 7,DET,@,TOR,W9-0,SHO,W,4,9.0,0,0,0,1,4,0,0,3.16,,27,108,74,15,11,12,10,3,6,0,90,0,0,0,26,0,0,0,1,0,0,.30,0.204,.27,0.11%,4.69,verlaju01
45,Francisco Liriano*,,114,28,2011,May 3,MIN,@,CHW,W1-0,SHO,W,5,9.0,0,0,0,6,2,0,0,6.61,,30,123,66,23,12,9,13,3,5,0,83,1,0,0,24,0,0,0,3,0,0,1.66,0.858,.89,0.28%,4.78,liriafr01
46,Roy Halladay,,,,2010,Oct 6,PHI,,CIN,W4-0,SHO,W,8,9.0,0,0,0,1,8,0,0,---,,28,104,79,23,19,12,7,1,3,0,94,0,0,0,27,0,0,0,0,0,0,.44,0.300,6.92,2.59%,4.48,hallaro01
47,Matt Garza,,109,98,2010,Jul 26,TBR,,DET,W5-0,SHO,W,5,9.0,0,0,0,1,6,0,0,4.06,,27,120,80,17,13,8,12,3,1,0,92,0,0,0,26,0,0,0,1,0,0,.63,0.400,.79,0.30%,4.25,garzama01
48,Edwin Jackson,,155,74,2010,Jun 25,ARI,@,TBR,W1-0,SHO,W,5,9.0,0,0,0,8,6,0,1,4.63,,36,149,79,24,17,11,10,2,2,0,85,2,1,0,27,0,0,0,0,0,1,1.78,0.815,.08,0.02%,4.25,jacksed01
49,Roy Halladay,Y,324,48,2010,May 29,PHI,@,FLA,W1-0,SHO,W,5,9.0,0,0,0,0,11,0,0,1.99,,27,115,72,26,8,8,8,2,2,0,98,0,0,0,27,0,0,0,0,0,0,1.22,0.838,1.85,0.76%,4.52,hallaro01
50,Dallas Braden*,Y,68,32,2010,May 9,OAK,,TBR,W4-0,SHO,W,5,9.0,0,0,0,0,6,0,0,3.33,,27,109,77,25,5,7,14,5,3,0,93,0,0,0,27,0,0,0,0,0,0,.50,0.339,.57,0.23%,4.43,bradeda01
51,Ubaldo Jiménez,,87,11,2010,Apr 17,COL,@,ATL,W4-0,SHO,W,5,9.0,0,0,0,6,7,0,0,1.29,,31,128,72,26,13,7,11,0,3,0,88,1,0,0,25,0,0,0,1,0,0,.84,0.345,.81,0.20%,4.30,jimenub01
52,Mark Buehrle*,Y,313,95,2009,Jul 23,CHW,,TBR,W5-0,SHO,W,4,9.0,0,0,0,0,6,0,0,3.28,,27,116,76,22,6,11,10,2,2,0,93,0,0,0,27,0,0,0,0,0,0,.41,0.290,.59,0.25%,5.12,buehrma01
53,Jonathan Sánchez*,,106,86,2009,Jul 10,SFG,,SDP,W8-0,SHO,W,6,9.0,0,0,0,0,11,0,0,4.69,,28,110,77,21,12,6,11,1,2,0,98,0,0,0,28,0,0,0,0,0,1,.30,0.220,.46,0.20%,4.57,sanchjo01
54,Carlos Zambrano,,229,147,2008,Sep 14,CHC,@,HOU,W5-0,SHO,W,11,9.0,0,0,0,1,10,0,1,3.41,,28,110,73,24,12,12,4,1,1,0,96,0,0,0,26,0,0,0,1,0,0,.39,0.252,.02,0.01%,4.45,zambrca01
55,Jon Lester*,,38,47,2008,May 19,BOS,,KCR,W7-0,SHO,W,4,9.0,0,0,0,2,9,0,0,3.41,,29,130,86,23,18,11,7,2,0,0,94,0,0,0,27,0,0,0,0,0,0,.42,0.257,.61,0.22%,5.14,lestejo01
56,Clay Buchholz,,2,136,2007,Sep 1,BOS,,BAL,W10-0,SHO,W,14,9.0,0,0,0,3,9,0,1,1.80,,30,115,73,22,17,6,11,3,1,0,93,0,0,1,26,0,0,0,0,0,0,.62,0.316,.17,0.05%,5.25,buchhcl01
57,Justin Verlander,,45,63,2007,Jun 12,DET,,MIL,W4-0,SHO,W,5,9.0,0,0,0,4,12,0,0,2.79,,30,112,73,19,19,10,4,2,1,0,95,0,0,0,26,0,0,0,1,0,0,.79,0.479,1.09,0.40%,5.05,verlaju01
58,Mark Buehrle*,,232,13,2007,Apr 18,CHW,,TEX,W6-0,SHO,W,6,9.0,0,0,0,1,8,0,0,2.08,,27,106,66,16,12,11,7,0,1,0,94,0,0,1,26,0,0,0,0,0,0,.54,0.358,.49,0.19%,5.15,buehrma01
59,Aníbal Sánchez,,14,139,2006,Sep 6,FLA,,ARI,W2-0,SHO,W,4,9.0,0,0,0,4,6,0,0,2.89,,31,103,67,19,11,12,9,3,2,0,89,0,0,0,27,0,0,0,1,0,1,1.08,0.571,1.93,0.61%,4.62,sanchan01
60,Randy Johnson*,Y,463,38,2004,May 18,ARI,@,ATL,W2-0,SHO,W,5,9.0,0,0,0,0,13,0,0,2.43,,27,117,87,15,26,7,7,1,0,0,100,0,0,0,27,0,0,0,0,0,0,.96,0.670,.42,0.18%,4.72,johnsra05
61,Kevin Millwood,,174,25,2003,Apr 27,PHI,,SFG,W1-0,SHO,W,4,9.0,0,0,0,3,10,0,0,3.48,,29,108,72,19,17,4,12,1,1,0,94,0,1,0,26,0,0,0,0,0,0,1.15,0.733,1.35,0.52%,4.33,millwke01
62,Derek Lowe,,303,21,2002,Apr 27,BOS,,TBD,W10-0,SHO,W,5,9.0,0,0,0,1,6,0,0,2.04,,28,97,66,27,8,13,8,1,0,0,92,0,0,0,27,0,0,0,0,0,0,.38,0.196,.51,0.16%,5.04,lowede01
63,Bud Smith*,,13,137,2001,Sep 3,STL,@,SDP,W4-0,SHO,W,4,9.0,0,0,0,4,7,0,0,3.75,,31,134,78,28,12,10,10,1,1,0,90,1,0,0,27,0,0,0,0,0,0,.66,0.391,.84,0.30%,4.30,smithbu02
64,A.J. Burnett,,22,35,2001,May 12,FLA,@,SDP,W3-0,SHO,W,4,9.0,0,0,0,9,7,0,1,0.60,,36,129,65,20,9,7,12,1,2,0,85,3,0,0,26,0,0,0,1,0,0,1.20,0.453,.82,0.19%,4.30,burnea.01
65,Hideo Nomo,,184,2,2001,Apr 4,BOS,@,BAL,W3-0,SHO,W,99,9.0,0,0,0,3,11,0,0,0.00,,30,110,69,22,14,8,8,2,2,0,95,0,0,0,27,0,0,0,0,0,1,.89,0.545,.95,0.35%,4.68,nomohi01
66,Eric Milton*,,62,141,1999,Sep 11,MIN,,ANA,W7-0,SHO,W,4,9.0,0,0,0,2,13,0,0,4.64,,28,122,78,24,18,4,9,1,4,0,98,0,1,0,26,0,0,0,0,0,0,.43,0.275,.00,0.00%,5.47,miltoer01
67,David Cone,Y,377,90,1999,Jul 18,NYY,,MON,W6-0,SHO,W,10,9.0,0,0,0,0,10,0,0,2.65,,27,88,68,21,18,4,13,0,4,0,97,0,0,0,27,0,0,0,0,0,0,.36,0.259,.34,0.14%,5.20,coneda01
68,José Jiménez,,19,73,1999,Jun 25,STL,@,ARI,W1-0,SHO,W,4,9.0,0,0,0,2,8,0,1,6.02,,28,101,62,20,12,10,7,0,2,0,93,0,0,0,25,0,0,0,2,0,0,1.23,0.799,.79,0.31%,5.04,jimenjo01
69,David Wells*,Y,389,37,1998,May 17,NYY,,MIN,W4-0,SHO,W,4,9.0,0,0,0,0,11,0,0,4.45,,27,120,79,20,14,6,10,0,5,0,98,0,0,0,27,0,0,0,0,0,0,.68,0.477,.64,0.27%,4.94,wellsda01
70,Kevin Brown,,259,62,1997,Jun 10,FLA,@,SFG,W9-0,SHO,W,4,9.0,0,0,0,0,7,0,1,2.81,,28,98,67,23,10,17,3,1,0,0,94,0,0,0,27,0,0,0,0,0,0,.54,0.382,.79,0.33%,4.53,brownke01
71,Hideo Nomo,,59,151,1996,Sep 17,LAD,@,COL,W9-0,SHO,W,4,9.0,0,0,0,4,8,0,0,3.16,,30,110,66,16,20,8,10,2,2,0,91,2,1,0,26,0,0,0,0,0,0,.74,0.376,1.29,0.39%,5.79,nomohi01
72,Dwight Gooden,,312,36,1996,May 14,NYY,,SEA,W2-0,SHO,W,5,9.0,0,0,0,6,5,0,0,4.46,,33,134,74,32,10,8,14,3,3,0,86,0,0,0,27,0,0,0,0,0,1,1.39,0.644,1.81,0.50%,5.47,goodedw01
73,Al Leiter*,,121,38,1996,May 11,FLA,,COL,W11-0,SHO,W,4,9.0,0,0,0,2,6,0,1,2.33,,28,103,58,12,8,9,10,1,7,0,91,0,0,0,25,0,0,0,2,0,0,.22,0.093,.13,0.03%,4.57,leiteal01
74,Ramón Martínez,,187,71,1995,Jul 14,LAD,,FLA,W7-0,SHO,W,5,9.0,0,0,0,1,8,0,0,4.43,,28,114,79,23,9,10,9,0,3,0,94,0,0,0,27,0,0,0,0,0,0,.43,0.301,.44,0.19%,4.23,martira02
75,Kenny Rogers*,Y,343,102,1994,Jul 28,TEX,,CAL,W4-0,SHO,W,5,9.0,0,0,0,0,8,0,0,4.07,,27,98,64,22,10,7,12,1,3,0,95,0,0,0,27,0,0,0,0,0,0,.50,0.359,.89,0.38%,5.22,rogerke01
76,Scott Erickson,,122,22,1994,Apr 27,MIN,,MIL,W6-0,SHO,W,4,9.0,0,0,0,4,5,0,1,5.28,,31,128,71,25,9,14,7,3,1,0,88,0,0,0,26,0,0,0,1,0,0,.47,0.310,.29,0.11%,5.27,ericksc01
77,Kent Mercker*,,185,5,1994,Apr 8,ATL,@,LAD,W6-0,SHO,W,99,9.0,0,0,0,4,10,0,0,0.00,,31,131,85,26,18,10,7,1,0,0,93,1,0,0,27,0,0,0,0,0,0,.72,0.371,.81,0.25%,4.37,merckke01
78,Darryl Kile,,87,139,1993,Sep 8,HOU,,NYM,W7-1,CG,W,4,9.0,0,1,0,1,9,0,0,3.13,,28,83,59,20,12,4,14,4,3,0,93,0,0,0,27,0,0,0,0,0,0,.60,0.312,.00,0.00%,3.29,kileda01
79,Jim Abbott*,,152,137,1993,Sep 4,NYY,,CLE,W4-0,SHO,W,5,9.0,0,0,0,5,3,0,0,4.10,,30,119,66,19,9,15,7,1,0,0,85,0,0,0,25,0,0,0,2,0,0,.62,0.351,2.31,0.79%,4.61,abbotji01
80,Chris Bosio,,216,15,1993,Apr 22,SEA,,BOS,W7-0,SHO,W,3,9.0,0,0,0,2,4,0,0,3.14,,28,97,59,15,9,16,6,3,1,0,89,0,0,0,26,0,0,0,1,0,0,.47,0.250,.47,0.15%,4.80,bosioch01
81,Kevin Gross,,337,118,1992,Aug 17,LAD,,SFG,W2-0,SHO,W,4,9.0,0,0,0,2,6,0,1,3.37,,29,99,71,16,18,12,8,1,2,0,91,0,0,0,26,0,0,0,1,0,0,1.02,0.507,.00,0.00%,3.84,grosske01
82,Bret Saberhagen,,246,124,1991,Aug 26,KCR,,CHW,W7-0,SHO,W,4,9.0,0,0,0,2,5,0,0,2.92,,30,114,74,17,9,13,10,4,0,0,90,0,0,0,28,0,0,0,0,0,1,.35,0.199,.07,0.02%,4.49,saberbr01
83,Wilson Álvarez*,,2,110,1991,Aug 11,CHW,@,BAL,W7-0,SHO,W,99,9.0,0,0,0,5,7,0,0,0.00,,32,128,75,14,15,3,17,4,5,0,89,0,0,0,27,0,0,0,1,0,1,.32,0.214,.94,0.38%,4.31,alvarwi01
84,Dennis Martínez,Y,482,98,1991,Jul 28,MON,@,LAD,W2-0,SHO,W,4,9.0,0,0,0,0,5,0,0,2.05,,27,96,66,12,14,17,5,0,1,0,92,0,0,0,27,0,0,0,0,0,0,.87,0.574,.00,0.00%,4.04,martide01
85,Tommy Greene,,30,40,1991,May 23,PHI,@,MON,W2-0,SHO,W,5,9.0,0,0,0,7,10,0,0,2.53,,33,130,77,15,16,10,6,2,1,0,90,2,1,0,25,0,0,0,0,0,0,1.52,0.697,1.71,0.47%,4.08,greento01
86,Nolan Ryan,,745,17,1991,May 1,TEX,,TOR,W3-0,SHO,W,4,9.0,0,0,0,2,16,0,0,3.03,,29,122,83,22,29,3,8,1,5,0,101,0,0,0,27,0,0,0,0,0,0,.62,0.408,.72,0.29%,4.40,ryanno01
87,Dave Stieb,,384,134,1990,Sep 2,TOR,@,CLE,W3-0,SHO,W,4,9.0,0,0,0,4,9,0,0,2.91,,29,123,75,23,17,6,10,1,3,0,92,0,2,0,25,0,0,0,0,0,0,.96,0.554,.93,0.32%,4.31,stiebda01
88,Terry Mulholland*,,73,114,1990,Aug 15,PHI,,SFG,W6-0,SHO,W,4,9.0,0,0,0,0,8,0,0,3.99,,27,105,75,13,17,9,10,8,1,0,95,0,0,0,27,0,0,0,1,0,1,.50,0.326,.01,0.00%,4.19,mulhote01
89,Dave Stewart,,374,72,1990,Jun 29,OAK,@,TOR,W5-0,SHO,W,4,9.0,0,0,0,3,12,0,0,2.55,,29,115,81,16,19,6,8,0,2,0,96,0,1,0,26,0,0,0,0,0,0,.55,0.341,1.39,0.52%,4.61,stewada01
90,Fernando Valenzuela*,,314,73,1990,Jun 29,LAD,,STL,W6-0,SHO,W,4,9.0,0,0,0,3,7,0,0,3.73,,30,119,72,18,14,9,11,1,1,0,91,0,0,0,27,0,0,0,1,0,1,.72,0.394,.41,0.14%,4.10,valenfe01
91,Nolan Ryan,,720,58,1990,Jun 11,TEX,@,OAK,W5-0,SHO,W,4,9.0,0,0,0,2,14,0,0,4.32,,29,130,86,18,31,4,9,2,2,0,99,1,0,0,27,0,0,0,0,0,0,.49,0.264,.06,0.02%,4.13,ryanno01
92,Randy Johnson*,,44,51,1990,Jun 2,SEA,,DET,W2-0,SHO,W,5,9.0,0,0,0,6,8,0,0,4.10,,33,138,88,25,14,7,12,1,6,0,89,0,0,0,27,0,0,0,1,0,1,1.19,0.551,.31,0.09%,4.35,johnsra05
93,Tom Browning*,Y,145,146,1988,Sep 16,CIN,,LAD,W1-0,SHO,W,4,9.0,0,0,0,0,7,0,0,3.41,,27,101,72,14,13,10,10,0,2,0,94,0,0,0,27,0,0,0,0,0,0,1.05,0.694,.23,0.09%,4.02,brownto05
94,Juan Nieves*,,37,9,1987,Apr 15,MIL,@,BAL,W7-0,SHO,W,4,9.0,0,0,0,5,7,0,0,3.77,,31,128,76,12,11,3,16,3,3,0,89,0,0,0,26,0,0,0,1,0,0,.75,0.460,1.72,0.63%,4.80,nieveju01
95,Mike Scott,,211,153,1986,Sep 25,HOU,,SFG,W2-0,SHO,W,4,9.0,0,0,0,2,13,0,1,2.25,,30,,,,,9,5,0,0,0,98,2,0,0,27,0,0,0,0,0,0,1.08,0.570,.00,0.00%,4.04,scottmi03
96,Joe Cowley,,87,147,1986,Sep 19,CHW,@,CAL,W7-1,CG,W,4,9.0,0,1,1,7,8,0,0,3.88,,32,,,,,4,13,1,0,0,84,1,1,0,24,0,0,0,1,1,0,1.13,0.350,.00,0.00%,3.60,cowlejo01
97,Mike Witt,Y,132,162,1984,Sep 30,CAL,@,TEX,W1-0,SHO,W,4,9.0,0,0,0,0,10,0,0,3.47,,27,94,70,17,23,13,4,0,0,0,97,0,0,0,27,0,0,0,0,0,0,1.18,0.812,.00,0.00%,4.58,wittmi01
98,Jack Morris,,199,4,1984,Apr 7,DET,@,CHW,W4-0,SHO,W,3,9.0,0,0,0,6,8,0,0,0.56,,32,119,76,20,18,11,7,1,2,0,89,1,0,0,26,0,0,0,1,0,0,.88,0.386,1.32,0.35%,4.67,morrija02
99,Mike Warren,,12,159,1983,Sep 29,OAK,,CHW,W3-0,SHO,W,4,9.0,0,0,0,3,5,0,0,4.11,,29,,,,,5,16,0,0,0,89,0,1,0,26,0,0,0,0,0,0,.70,0.396,.00,0.00%,4.20,warremi01
100,Bob Forsch,,308,157,1983,Sep 26,STL,,MON,W3-0,SHO,W,5,9.0,0,0,0,0,6,0,1,4.37,,29,,,,,12,10,0,2,0,93,0,0,0,28,0,0,0,0,0,1,.69,0.426,.00,0.00%,4.16,forscbo01
101,Dave Righetti*,,68,76,1983,Jul 4,NYY,,BOS,W4-0,SHO,W,4,9.0,0,0,0,4,9,0,0,3.26,,29,,,,,5,11,0,0,0,92,0,1,1,25,0,0,0,1,0,0,.83,0.509,1.53,0.56%,4.34,righeda01
102,Nolan Ryan,,451,102,1981,Sep 26,HOU,,LAD,W5-0,SHO,W,5,9.0,0,0,0,3,11,0,0,1.74,,30,,,,,11,5,0,1,0,95,2,0,0,27,0,0,0,0,0,0,.95,0.429,3.52,0.95%,3.70,ryanno01
103,Len Barker,Y,116,24,1981,May 15,CLE,,TOR,W3-0,SHO,W,5,9.0,0,0,0,0,11,0,0,1.31,,27,,,,,9,7,0,0,0,98,0,0,0,27,0,0,0,0,0,0,.71,0.474,.71,0.28%,4.05,barkele01
104,Charlie Lea,,27,27,1981,May 10(2),MON,,SFG,W4-0,SHO,W,3,9.0,0,0,0,4,8,0,0,4.05,,29,,,,,8,9,1,0,0,91,0,1,0,25,0,0,0,1,0,0,.78,0.448,.65,0.22%,3.93,leach01
105,Jerry Reuss*,,341,70,1980,Jun 27,LAD,@,SFG,W8-0,SHO,W,5,9.0,0,0,0,0,2,0,0,1.87,,28,107,73,10,10,18,8,1,2,0,89,0,0,0,28,0,0,0,0,0,1,.36,0.227,.90,0.34%,3.91,reussje01
106,Ken Forsch,,364,2,1979,Apr 7,HOU,,ATL,W6-0,SHO,W,99,9.0,0,0,0,2,3,0,0,0.00,,29,,,,,15,9,0,0,0,88,0,0,0,27,0,0,0,0,0,0,.64,0.385,1.03,0.37%,3.98,forscke01
107,Tom Seaver,,402,63,1978,Jun 16,CIN,,STL,W4-0,SHO,W,5,9.0,0,0,0,3,3,0,0,3.22,,30,,,,,15,9,0,1,0,87,1,0,0,27,0,0,0,0,0,0,.67,0.365,1.39,0.45%,4.02,seaveto01
108,Bob Forsch,,124,9,1978,Apr 16,STL,,PHI,W5-0,SHO,W,3,9.0,0,0,0,2,3,0,0,0.71,,29,,,,,14,10,1,1,0,88,1,0,0,27,0,0,0,1,0,1,.73,0.394,1.21,0.39%,3.98,forscbo01
109,Bert Blyleven,,282,153,1977,Sep 22,TEX,@,CAL,W6-0,SHO,W,15,9.0,0,0,0,1,7,0,0,2.72,,28,,,,,8,12,4,2,0,93,0,0,0,27,0,0,0,1,0,1,.46,0.276,.00,0.00%,4.38,blylebe01
110,Dennis Eckersley,,81,41,1977,May 30,CLE,,CAL,W1-0,SHO,W,4,9.0,0,0,0,1,12,0,0,2.98,,28,,,,,4,11,0,0,0,98,0,0,0,27,0,0,0,1,0,0,1.15,0.737,.91,0.35%,4.38,eckerde01
111,Jim Colborn,,245,32,1977,May 14,KCR,,TEX,W6-0,SHO,W,4,9.0,0,0,0,1,6,0,1,2.23,,28,,,,,11,9,2,0,0,92,1,0,0,26,0,0,0,1,0,0,.66,0.397,.74,0.27%,4.65,colboji01
112,John Montefusco,,79,160,1976,Sep 29,SFG,@,ATL,W9-0,SHO,W,5,9.0,0,0,0,1,4,0,0,2.84,,28,,,,,12,11,0,0,0,90,0,0,0,27,0,0,0,0,0,0,.29,0.160,.00,0.00%,4.23,montejo01
113,John Candelaria*,,40,110,1976,Aug 9,PIT,,LAD,W2-0,SHO,W,4,9.0,0,0,0,1,7,0,0,3.05,,30,,,,,13,9,1,1,0,93,0,0,0,29,0,0,0,0,0,2,.95,0.522,.08,0.03%,3.99,candejo01
114,Larry Dierker,,334,84,1976,Jul 9,HOU,,MON,W6-0,SHO,W,4,9.0,0,0,0,4,8,0,0,4.07,,30,,,,,9,9,1,1,0,91,1,0,0,26,0,0,0,0,0,0,.54,0.232,.10,0.03%,3.63,dierkla01
115,Ed Halicki,,36,129,1975,Aug 24(2),SFG,,NYM,W6-0,SHO,W,3,9.0,0,0,0,2,10,0,0,3.48,,30,,,,,7,11,1,6,0,95,0,0,0,28,0,0,0,0,0,1,.59,0.324,.00,0.00%,4.30,haliced01
116,Nolan Ryan,,239,49,1975,Jun 1,CAL,,BAL,W1-0,SHO,W,3,9.0,0,0,0,4,9,0,0,2.45,,32,,,,,10,9,1,0,0,92,1,0,0,28,0,0,0,0,0,1,1.38,0.701,.88,0.27%,3.97,ryanno01
117,Nolan Ryan,,227,160,1974,Sep 28,CAL,,MIN,W4-0,SHO,W,3,9.0,0,0,0,8,15,0,0,2.89,,35,,,,,4,8,0,0,0,94,0,0,0,27,0,0,0,0,0,0,.75,0.302,.00,0.00%,3.86,ryanno01
118,Dick Bosman,,238,91,1974,Jul 19,CLE,,OAK,W4-0,SHO,W,4,9.0,0,0,0,0,4,0,0,3.70,,28,,,,,16,8,1,0,0,91,0,0,0,28,0,0,0,0,0,1,.50,0.315,.96,0.36%,4.07,bosmadi01
119,Steve Busby,,58,62,1974,Jun 19,KCR,@,MIL,W2-0,SHO,W,4,9.0,0,0,0,1,3,0,0,3.39,,28,,,,,13,11,4,5,0,89,0,0,0,27,0,0,0,0,0,0,.95,0.581,1.84,0.68%,4.07,busbyst01
120,Phil Niekro,,346,117,1973,Aug 5,ATL,,SDP,W9-0,SHO,W,3,9.0,0,0,0,3,4,0,0,3.44,,32,,,,,11,14,2,0,0,88,0,0,0,29,0,0,0,0,0,2,.49,0.272,.00,0.00%,4.48,niekrph01
121,Jim Bibby,,25,102,1973,Jul 30,TEX,@,OAK,W6-0,SHO,W,3,9.0,0,0,0,6,13,0,0,3.38,,33,,,,,7,7,0,1,0,94,1,0,0,27,0,0,0,0,0,0,.41,0.178,.00,0.00%,4.09,bibbyji01
122,Nolan Ryan,,168,89,1973,Jul 15,CAL,@,DET,W6-0,SHO,W,3,9.0,0,0,0,4,17,0,0,2.90,,31,,,,,4,6,1,1,0,100,0,0,0,27,0,0,0,0,0,0,.90,0.508,1.36,0.46%,4.56,ryanno01
123,Nolan Ryan,,154,30,1973,May 15,CAL,@,KCR,W3-0,SHO,W,2,9.0,0,0,0,3,12,0,0,2.71,,30,,,,,4,11,1,1,0,96,1,0,0,27,0,0,0,0,0,0,.81,0.492,1.43,0.52%,4.56,ryanno01
124,Steve Busby,,10,19,1973,Apr 27,KCR,@,DET,W3-0,SHO,W,6,9.0,0,0,0,6,4,0,0,5.11,,31,,,,,9,12,3,0,0,85,0,0,0,25,0,0,0,1,0,0,1.35,0.618,2.14,0.59%,4.56,busbyst01
125,Bill Stoneman,,203,152,1972,Oct 2(1),MON,,NYM,W7-0,SHO,W,5,9.0,0,0,0,7,9,0,0,2.98,,34,,,,,8,10,2,2,0,89,0,0,0,27,0,0,0,1,0,1,.28,0.172,.00,0.00%,3.93,stonebi01
126,Milt Pappas,,485,128,1972,Sep 2,CHC,,SDP,W8-0,SHO,W,3,9.0,0,0,0,1,6,0,0,3.00,,28,,,,,12,10,4,2,0,92,0,0,0,27,0,0,0,0,0,0,.41,0.288,.06,0.02%,4.28,pappami01
127,Burt Hooton,,4,2,1972,Apr 16,CHC,,PHI,W4-0,SHO,W,99,9.0,0,0,0,7,7,0,0,0.00,,32,,,,,9,9,2,0,0,87,0,1,0,24,0,0,0,1,0,0,1.14,0.503,1.70,0.45%,4.28,hootobu01
128,Bob Gibson,,406,122,1971,Aug 14,STL,@,PIT,W11-0,SHO,W,4,9.0,0,0,0,3,10,0,0,3.22,,31,,,,,7,11,1,0,0,94,0,0,0,28,0,0,0,0,0,0,.26,0.112,.79,0.21%,3.99,gibsobo01
129,Rick Wise,,198,68,1971,Jun 23,PHI,@,CIN,W4-0,SHO,W,3,9.0,0,0,0,1,3,0,0,2.94,,28,,,,,15,9,2,0,0,89,0,0,0,27,0,0,0,0,0,0,.62,0.376,.04,0.02%,3.71,wiseri01
130,Ken Holtzman*,,174,52,1971,Jun 3,CHC,@,CIN,W1-0,SHO,W,3,9.0,0,0,0,4,6,0,0,4.79,,30,,,,,10,10,1,2,0,89,1,0,0,26,0,0,0,1,0,0,1.44,0.753,.80,0.25%,3.71,holtzke01
131,Vida Blue*,,16,154,1970,Sep 21,OAK,,MIN,W6-0,SHO,W,5,9.0,0,0,0,1,9,0,0,2.28,,28,,,,,10,8,1,0,0,95,0,0,0,27,0,0,0,0,0,0,.86,0.563,.01,0.00%,4.05,bluevi01
132,Bill Singer,,128,92,1970,Jul 20,LAD,,PHI,W5-0,SHO,W,3,9.0,0,0,0,0,10,0,1,2.90,,29,,,,,10,8,4,1,0,97,0,0,0,28,0,0,0,0,0,1,.51,0.286,.31,0.11%,4.30,singebi01
133,Clyde Wright*,,137,77,1970,Jul 3,CAL,,OAK,W4-0,SHO,W,3,9.0,0,0,0,3,1,0,0,2.90,,29,,,,,14,11,2,4,0,85,0,0,0,26,0,0,0,1,0,0,.59,0.322,1.43,0.47%,4.01,wrighcl01
134,Dock Ellis,,75,58,1970,Jun 12(1),PIT,@,SDP,W2-0,SHO,W,5,9.0,0,0,0,8,6,0,1,3.86,,36,,,,,7,14,3,0,0,85,3,0,0,27,0,0,0,0,0,0,1.27,0.633,1.95,0.58%,4.30,ellisdo01
135,Bob Moose,,81,152,1969,Sep 20,PIT,@,NYM,W4-0,SHO,W,3,9.0,0,0,0,3,6,0,0,2.99,,30,,,,,13,8,2,1,0,90,0,0,0,27,0,0,0,0,0,0,.71,0.408,.00,0.00%,4.16,moosebo01
136,Ken Holtzman*,,112,123,1969,Aug 19,CHC,,ATL,W3-0,SHO,W,3,9.0,0,0,0,3,0,0,0,3.12,,30,,,,,12,15,0,2,0,84,0,0,0,27,0,0,0,0,0,0,.66,0.405,.90,0.33%,4.61,holtzke01
137,Jim Palmer,,82,116,1969,Aug 13,BAL,,OAK,W8-0,SHO,W,3,9.0,0,0,0,6,8,0,0,1.77,,35,,,,,10,11,1,0,0,89,0,0,0,29,0,0,0,0,0,2,.72,0.343,.05,0.01%,4.13,palmeji01
138,Don Wilson,,71,25,1969,May 1,HOU,@,CIN,W4-0,SHO,W,3,9.0,0,0,0,6,13,0,1,3.46,,34,,,,,1,13,0,2,0,94,1,0,0,27,0,0,0,0,0,0,.83,0.411,.12,0.04%,4.28,wilsodo01
139,Jim Maloney,,257,20,1969,Apr 30,CIN,,HOU,W10-0,SHO,W,4,9.0,0,0,0,5,13,0,0,1.42,,31,,,,,7,6,2,3,0,95,0,0,0,26,0,0,0,0,0,0,.36,0.227,.31,0.12%,4.28,malonji01
140,Bill Stoneman,,49,9,1969,Apr 17,MON,@,PHI,W7-0,SHO,W,3,9.0,0,0,0,5,8,0,0,2.50,,31,,,,,9,9,1,2,0,90,1,0,0,26,0,0,0,1,0,0,.76,0.354,.95,0.27%,4.00,stonebi01
141,Ray Washburn,,174,153,1968,Sep 18,STL,@,SFG,W2-0,SHO,W,4,9.0,0,0,0,5,8,0,0,2.28,,31,,,,,13,5,0,0,0,90,0,0,0,26,0,0,0,1,0,0,1.28,0.545,.00,0.00%,3.45,washbra01
142,Gaylord Perry,,246,153,1968,Sep 17,SFG,,STL,W1-0,SHO,W,3,9.0,0,0,0,2,9,0,0,2.46,,29,,,,,10,8,0,0,0,94,0,0,0,27,0,0,0,0,0,0,1.07,0.656,.00,0.00%,3.45,perryga01
143,George Culver,,85,99,1968,Jul 29(2),CIN,@,PHI,W6-1,CG,W,3,9.0,0,1,0,5,4,0,0,2.84,,34,,,,,15,9,0,4,0,84,0,0,0,27,0,0,0,0,1,1,.62,0.076,.20,0.02%,2.42,culvege01
144,Catfish Hunter,Y,103,25,1968,May 8,OAK,,MIN,W4-0,SHO,W,4,9.0,0,0,0,0,11,0,0,2.36,,27,,,,,7,9,0,0,0,98,0,0,0,27,0,0,0,0,0,0,.79,0.489,1.75,0.65%,3.21,hunteca01
145,Tom Phoebus,,40,13,1968,Apr 27,BAL,,BOS,W6-0,SHO,W,6,9.0,0,0,0,3,9,0,0,1.52,,29,,,,,5,12,1,0,0,93,0,1,0,26,0,0,0,0,0,0,.44,0.218,1.12,0.34%,3.42,phoebto01
146,Joe Horlen,,191,142,1967,Sep 10(1),CHW,,DET,W6-0,SHO,W,3,9.0,0,0,0,0,4,0,1,2.21,,28,,,,,17,6,2,0,0,91,0,0,0,27,0,0,0,1,0,1,.29,0.146,2.05,0.61%,3.47,horlejo01
147,Dean Chance,,254,128,1967,Aug 25(2),MIN,@,CLE,W2-1,CG,W,2,9.0,0,1,1,5,8,0,0,2.46,,31,,,,,14,4,0,0,0,86,0,0,0,25,0,0,0,2,0,1,1.52,0.620,10.76,2.64%,2.76,chancde01
148,Don Wilson,,15,64,1967,Jun 18,HOU,,ATL,W2-0,SHO,W,3,9.0,0,0,0,3,15,0,0,3.12,,30,,,,,4,8,0,1,0,99,0,0,0,27,0,0,0,0,0,0,.94,0.489,.05,0.02%,3.69,wilsodo01
149,Sonny Siebert,,93,50,1966,Jun 10,CLE,,WSA,W2-0,SHO,W,4,9.0,0,0,0,1,7,0,0,3.02,,29,,,,,13,8,2,0,0,93,0,0,0,28,0,0,0,0,0,1,.83,0.506,3.51,1.29%,3.90,siebeso01
150,Dave Morehead,,93,149,1965,Sep 16,BOS,,CLE,W2-0,SHO,W,5,9.0,0,0,0,1,8,0,0,4.06,,28,,,,,12,7,2,0,0,94,0,0,0,27,0,0,0,0,0,0,.92,0.576,.00,0.00%,4.19,morehda01
151,Sandy Koufax*,Y,349,141,1965,Sep 9,LAD,,CHC,W1-0,SHO,W,3,9.0,0,0,0,0,14,0,0,2.14,,27,113,79,22,23,3,10,1,1,0,101,0,0,0,27,0,0,0,0,0,0,1.04,0.674,9.70,3.76%,3.75,koufasa01
152,Jim Maloney,,148,118,1965,Aug 19(1),CIN,@,CHC,W1-0,SHO(10),W,5,10.0,0,0,0,10,12,0,1,2.71,,40,,,,,9,8,0,5,0,94,0,0,0,28,0,0,1,1,0,0,2.05,0.841,6.61,1.63%,4.56,malonji01
153,Jim Bunning,Y,319,60,1964,Jun 21(1),PHI,@,NYM,W6-0,SHO,W,2,9.0,0,0,0,0,10,0,0,2.07,,27,89,68,18,15,6,11,1,4,0,97,0,0,0,27,0,0,0,0,0,0,.45,0.293,2.21,0.87%,3.88,bunniji01
154,Sandy Koufax*,,296,48,1964,Jun 4,LAD,@,PHI,W3-0,SHO,W,3,9.0,0,0,0,1,12,0,0,2.34,,27,97,68,13,21,7,7,1,0,0,98,0,1,0,26,0,0,0,0,0,0,.71,0.463,.76,0.30%,4.00,koufasa01
155,Ken Johnson,,140,9,1964,Apr 23,HOU,,CIN,L0-1,CG,L,4,9.0,0,1,0,2,9,0,0,1.69,,31,,,,,14,6,0,3,0,92,0,0,0,29,0,0,0,0,0,2,1.16,0.181,2.31,0.22%,2.80,johnske02
156,Juan Marichal,,93,63,1963,Jun 15,SFG,,HOU,W1-0,SHO,W,3,9.0,0,0,0,2,5,0,0,2.52,,29,,,,,8,14,0,4,0,90,0,0,0,27,0,0,0,0,0,0,1.07,0.649,4.58,1.67%,3.78,maricju01
157,Don Nottebart,,90,37,1963,May 17,HOU,,PHI,W4-1,CG,W,4,9.0,0,1,0,3,8,0,0,2.73,,31,105,67,26,9,8,12,1,1,0,90,0,0,0,26,0,0,0,0,1,1,.85,0.257,.72,0.13%,2.59,nottedo01
158,Sandy Koufax*,,250,31,1963,May 11,LAD,,SFG,W8-0,SHO,W,3,9.0,0,0,0,2,4,0,0,1.15,,28,111,72,17,11,7,15,3,0,0,89,0,0,0,26,0,0,0,1,0,0,.58,0.370,1.23,0.47%,3.51,koufasa01
159,Jack Kralick*,,106,134,1962,Aug 26,MIN,,KCA,W1-0,SHO,W,4,9.0,0,0,0,1,3,0,0,4.02,,28,,,,,14,10,1,0,0,89,0,0,0,27,0,0,0,0,0,0,1.22,0.736,4.98,1.81%,4.63,kralija01
160,Bill Monbouquette,,134,103,1962,Aug 1,BOS,@,CHW,W1-0,SHO,W,4,9.0,0,0,0,1,7,0,0,4.29,,28,,,,,8,12,1,0,0,93,0,0,0,27,0,0,0,0,0,0,1.14,0.779,.02,0.01%,4.45,monbobi01
161,Sandy Koufax*,,236,80,1962,Jun 30,LAD,,NYM,W5-0,SHO,W,3,9.0,0,0,0,5,13,0,0,2.33,,30,138,80,24,20,7,5,1,0,0,95,0,0,0,25,0,0,0,2,0,0,.48,0.249,2.40,0.74%,4.25,koufasa01
162,Earl Wilson,,33,71,1962,Jun 26,BOS,,LAA,W2-0,SHO,W,4,9.0,0,0,0,4,5,0,0,3.16,,31,,,,,8,14,1,0,0,88,0,0,0,27,0,0,0,0,0,0,1.07,0.566,.57,0.18%,4.58,wilsoea01
163,Bo Belinsky*,,4,19,1962,May 5,LAA,,BAL,W2-0,SHO,W,3,9.0,0,0,0,4,9,0,2,1.53,,34,,,,,10,9,1,0,0,92,0,0,0,28,0,0,0,0,0,1,1.24,0.537,2.52,0.66%,4.32,belinbo01
164,Warren Spahn*,,574,10,1961,Apr 28,MLN,,SFG,W1-0,SHO,W,4,9.0,0,0,0,2,5,0,0,0.96,,27,,,,,10,10,0,3,0,90,0,0,0,25,0,0,0,2,0,0,1.23,0.723,3.71,1.31%,4.20,spahnwa01
165,Warren Spahn*,,568,142,1960,Sep 16,MLN,,PHI,W4-0,SHO,W,3,9.0,0,0,0,2,15,0,0,3.46,,29,,,,,5,7,0,0,0,100,0,0,0,27,0,0,0,0,0,0,.63,0.368,.89,0.32%,3.91,spahnwa01
166,Lew Burdette,,366,112,1960,Aug 18,MLN,,PHI,W1-0,SHO,W,3,9.0,0,0,0,0,3,0,1,3.60,,27,,,,,18,5,0,0,0,90,0,0,0,26,0,0,0,0,0,0,1.05,0.662,2.17,0.82%,3.91,burdele01
167,Don Cardwell,,77,23,1960,May 15(2),CHC,,STL,W4-0,SHO,W,8,9.0,0,0,0,1,7,0,0,3.38,,28,,,,,11,9,2,0,0,93,0,0,0,27,0,0,0,0,0,0,.67,0.425,.70,0.27%,4.17,cardwdo01
168,Hoyt Wilhelm,,399,147,1958,Sep 20,BAL,,NYY,W1-0,SHO,W,3,9.0,0,0,0,2,8,0,0,2.43,,28,,,,,6,12,2,0,0,93,0,1,0,26,0,0,0,0,0,0,1.11,0.680,.00,0.00%,3.96,wilheho01
169,Jim Bunning,,95,86,1958,Jul 20(1),DET,@,BOS,W3-0,SHO,W,3,9.0,0,0,0,2,12,0,1,3.28,,30,,,,,5,10,1,1,0,97,0,0,0,27,0,0,0,0,0,0,.77,0.465,.32,0.12%,4.46,bunniji01
170,Bob Keegan,,114,119,1957,Aug 20(2),CHW,,WSH,W6-0,SHO,W,3,9.0,0,0,0,2,1,0,0,3.44,,28,,,,,13,12,0,0,0,86,0,0,0,26,0,0,0,1,0,0,.34,0.221,.52,0.21%,4.25,keegabo01
171,Don Larsen,Y,,,1956,Oct 8,NYY,,BRO,W2-0,SHO,W,2,9.0,0,0,0,0,7,0,0,---,,27,97,71,21,7,7,13,4,3,0,94,0,0,0,27,0,0,0,0,0,0,.85,0.586,70.52,26.77%,4.56,larsedo01
172,Sal Maglie,,260,150,1956,Sep 25,BRO,,PHI,W5-0,SHO,W,3,9.0,0,0,0,2,3,0,1,2.94,,29,110,71,24,8,14,9,2,0,0,88,0,0,0,26,0,0,0,1,0,0,.39,0.255,8.98,3.50%,4.68,maglisa01
173,Mel Parnell*,,275,79,1956,Jul 14,BOS,,CHW,W4-0,SHO,W,9,9.0,0,0,0,2,4,0,0,3.14,,28,,,,,15,7,1,0,0,89,0,1,0,26,0,0,0,1,0,1,.76,0.468,.95,0.35%,5.26,parneme01
174,Carl Erskine,,253,20,1956,May 12,BRO,,NYG,W3-0,SHO,W,4,9.0,0,0,0,2,3,0,0,1.72,,29,102,66,21,7,10,14,2,0,0,88,0,0,0,27,0,0,0,0,0,0,.87,0.547,2.22,0.84%,4.68,erskica01
175,Sam Jones,,29,28,1955,May 12,CHC,,PIT,W4-0,SHO,W,3,9.0,0,0,0,7,6,0,0,4.22,,31,,,,,10,8,2,1,0,86,0,1,0,24,0,0,0,1,0,0,.96,0.404,1.51,0.38%,4.57,jonessa02
176,Jim Wilson,,111,51,1954,Jun 12,MLN,,PHI,W2-0,SHO,W,5,9.0,0,0,0,2,6,0,0,2.36,,28,,,,,8,12,1,3,0,91,0,1,0,26,0,0,0,0,0,0,.87,0.557,1.81,0.70%,4.31,wilsoji02
177,Bobo Holloman,,5,19,1953,May 6,SLB,,PHA,W6-0,SHO,W,4,9.0,0,0,0,5,3,0,0,3.14,,31,,,,,12,11,2,1,0,85,0,0,0,26,0,0,0,1,0,1,.62,0.360,1.43,0.50%,4.58,hollobo01
178,Virgil Trucks,,287,125,1952,Aug 25,DET,@,NYY,W1-0,SHO,W,5,9.0,0,0,0,1,8,0,0,3.35,,30,,,,,8,13,2,4,0,94,0,0,0,28,0,0,0,0,0,1,1.27,0.746,.00,0.00%,3.93,truckvi01
179,Carl Erskine,,119,56,1952,Jun 19,BRO,,CHC,W5-0,SHO,W,4,9.0,0,0,0,1,1,0,0,2.62,,28,103,63,17,7,18,8,1,0,0,87,0,0,0,27,0,0,0,0,0,0,.40,0.270,2.41,0.97%,4.29,erskica01
180,Virgil Trucks,,265,26,1952,May 15,DET,,WSH,W1-0,SHO,W,5,9.0,0,0,0,1,7,0,2,5.54,,31,,,,,9,12,0,1,0,93,0,0,0,28,0,0,0,0,0,1,1.10,0.661,.52,0.19%,4.18,truckvi01
181,Allie Reynolds,,322,150,1951,Sep 28(1),NYY,,BOS,W8-0,SHO,W,6,9.0,0,0,0,4,9,0,0,3.01,,30,,,,,7,10,0,2,0,92,0,0,0,26,0,0,0,1,0,0,.35,0.234,.82,0.33%,4.46,reynoal01
182,Allie Reynolds,,304,75,1951,Jul 12,NYY,@,CLE,W1-0,SHO,W,3,9.0,0,0,0,3,4,0,0,3.33,,29,,,,,10,12,1,0,0,88,0,0,0,26,0,0,0,1,0,1,1.37,0.792,6.97,2.42%,4.37,reynoal01
183,Bob Feller,,433,68,1951,Jul 1(1),CLE,,DET,W2-1,CG,W,4,9.0,0,1,0,3,5,0,0,2.75,,31,,,,,14,9,0,0,0,87,1,0,0,28,0,0,0,0,0,1,1.14,0.576,1.81,0.55%,3.37,fellebo01
184,Cliff Chambers*,,105,18,1951,May 6(2),PIT,@,BSN,W3-0,SHO,W,4,9.0,0,0,0,8,4,0,0,3.03,,34,,,,,11,11,0,0,0,83,0,0,0,24,0,0,0,1,0,0,1.32,0.526,3.79,0.91%,4.17,chambcl01
185,Vern Bickford,,98,107,1950,Aug 11,BSN,,BRO,W7-0,SHO,W,3,9.0,0,0,0,4,3,0,0,3.19,,30,97,55,15,4,12,11,0,0,0,86,0,0,0,26,0,0,0,1,0,0,.37,0.231,1.10,0.42%,4.43,bickfve01
186,Rex Barney,,91,132,1948,Sep 9,BRO,@,NYG,W2-0,SHO,W,2,9.0,0,0,0,2,4,0,0,3.22,,29,116,75,19,13,11,12,2,0,0,89,0,0,0,27,0,0,0,2,0,2,1.09,0.627,5.28,1.83%,4.56,barnere02
187,Bob Lemon,,88,62,1948,Jun 30,CLE,@,DET,W2-0,SHO,W,4,9.0,0,0,0,3,4,0,0,2.38,,30,,,,,14,9,0,0,0,88,0,0,0,27,0,0,0,0,0,0,1.01,0.663,4.86,1.92%,4.93,lemonbo01
188,Bill McCahan,,29,132,1947,Sep 3,PHA,,WSH,W3-0,SHO,W,3,9.0,0,0,0,0,2,0,0,3.14,,28,,,,,11,15,1,0,0,89,0,0,0,28,0,0,0,0,0,1,.82,0.522,.00,0.00%,4.23,mccahbi01
189,Don Black,,122,65,1947,Jul 10(1),CLE,,PHA,W3-0,SHO,W,5,9.0,0,0,0,6,5,0,0,3.51,,32,,,,,11,10,1,0,0,86,0,0,0,26,0,0,0,1,0,0,.85,0.371,.92,0.24%,4.06,blackdo01
190,Ewell Blackwell,,49,57,1947,Jun 18,CIN,,BSN,W6-0,SHO,W,3,9.0,0,0,0,4,3,0,0,2.28,,30,,,,,9,14,2,2,0,86,0,0,0,25,0,0,0,0,0,0,.76,0.376,1.20,0.36%,4.65,blackew01
191,Bob Feller,,218,10,1946,Apr 30,CLE,@,NYY,W1-0,SHO,W,3,9.0,0,0,0,5,11,0,0,1.46,,32,,,,,11,5,0,0,0,93,1,1,0,25,0,0,0,0,0,1,1.61,0.715,3.77,1.01%,4.14,fellebo01
192,Ed Head,,106,7,1946,Apr 23,BRO,,BSN,W5-0,SHO,W,99,9.0,0,0,0,3,2,0,0,0.00,,29,,,,,16,8,2,0,0,86,0,0,0,25,0,0,0,1,0,1,.67,0.312,2.33,0.65%,4.03,headed01
193,Dick Fowler,,39,137,1945,Sep 9(2),PHA,,SLB,W1-0,SHO,W,3,9.0,0,0,0,4,6,0,0,4.79,,29,,,,,11,8,0,1,0,89,0,0,0,24,0,0,0,2,0,0,1.31,0.632,.00,0.00%,3.84,fowledi01
194,Clyde Shoun*,,305,22,1944,May 15,CIN,,BSN,W1-0,SHO,W,1,9.0,0,0,0,1,1,0,0,2.02,,28,,,,,7,19,2,0,0,87,0,0,0,27,0,0,0,0,0,0,1.06,0.706,2.79,1.12%,4.10,shouncl01
195,Jim Tobin,,206,8,1944,Apr 27,BSN,,BRO,W2-0,SHO,W,3,9.0,0,0,0,2,6,0,0,0.69,,29,,,,,10,11,0,0,0,91,0,0,0,27,0,0,0,0,0,0,1.03,0.651,1.50,0.57%,4.44,tobinji01
196,Lon Warneke,,382,126,1941,Aug 30,STL,@,CIN,W2-0,SHO,W,7,9.0,0,0,0,1,2,0,0,3.24,,28,,,,,11,14,1,1,0,88,0,1,0,27,0,0,0,1,0,2,1.01,0.594,8.38,2.97%,4.26,warnelo01
197,Tex Carleton,,261,9,1940,Apr 30,BRO,@,CIN,W3-0,SHO,W,6,9.0,0,0,0,2,4,0,0,1.50,,30,,,,,12,12,1,0,0,89,0,1,0,28,0,0,0,0,0,2,.86,0.463,3.96,1.27%,4.44,carlete01
198,Bob Feller,,119,1,1940,Apr 16,CLE,@,CHW,W1-0,SHO,W,99,9.0,0,0,0,5,8,0,0,0.00,,33,,,,,7,13,1,0,0,90,1,0,0,28,0,0,0,0,0,1,1.44,0.888,3.93,1.46%,5.10,fellebo01
199,Monte Pearson,,174,122,1938,Aug 27(2),NYY,,CLE,W13-0,SHO,W,2,9.0,0,0,0,2,7,0,0,3.76,,29,,,,,9,11,0,4,0,92,0,0,0,27,0,0,0,0,0,0,.26,0.140,.07,0.02%,5.51,pearsmo01
200,Johnny Vander Meer*,,32,48,1938,Jun 15,CIN,@,BRO,W6-0,SHO,W,3,9.0,0,0,0,8,7,0,0,2.23,,35,,,,,13,7,0,0,0,86,0,0,0,27,0,0,0,0,0,0,.50,0.289,1.23,0.43%,4.58,vandejo01
201,Johnny Vander Meer*,,31,45,1938,Jun 11,CIN,,BSN,W3-0,SHO,W,5,9.0,0,0,0,3,4,0,0,2.47,,28,,,,,11,10,3,0,0,88,0,0,0,25,0,0,0,0,0,0,.83,0.476,2.17,0.75%,4.36,vandejo01
202,Bill Dietrich,,137,36,1937,Jun 1,CHW,,SLB,W8-0,SHO,W,2,9.0,0,0,0,2,5,0,0,6.48,,29,,,,,11,11,2,1,0,90,0,0,0,27,0,0,0,1,0,1,.42,0.295,1.00,0.42%,5.34,dietrbi01
203,Vern Kennedy,,28,123,1935,Aug 31,CHW,,CLE,W5-0,SHO,W,3,9.0,0,0,0,4,5,0,0,3.89,,30,,,,,8,13,1,1,0,88,1,0,0,26,0,0,0,1,0,0,.68,0.414,.00,0.00%,5.23,kenneve01
204,Paul Dean,,36,145,1934,Sep 21(2),STL,@,BRO,W3-0,SHO,W,4,9.0,0,0,0,1,6,0,0,3.55,,28,,,,,10,11,1,1,0,92,0,0,0,27,0,0,0,0,0,0,.84,0.579,5.43,2.23%,4.50,deanpa01
205,Bobby Burke*,,147,106,1931,Aug 8,WSH,,BOS,W5-0,SHO,W,12,9.0,0,0,0,5,8,0,0,3.66,,31,,,,,12,6,1,0,0,90,0,1,0,26,0,0,0,0,0,0,.78,0.535,.31,0.13%,5.24,burkebo01
206,Wes Ferrell,,94,12,1931,Apr 29,CLE,,SLB,W9-0,SHO,W,5,9.0,0,0,0,3,8,0,0,2.32,,32,,,,,14,7,1,4,0,92,0,0,0,29,0,0,0,0,0,3,.58,0.358,1.94,0.72%,5.45,ferrewe01
207,Carl Hubbell*,,25,13,1929,May 8,NYG,,PIT,W11-0,SHO,W,3,9.0,0,0,0,1,4,0,0,3.67,,30,,,,,17,8,3,1,0,90,0,0,0,28,0,0,0,1,0,3,.36,0.208,.76,0.26%,5.44,hubbeca01
208,Ted Lyons,,127,121,1926,Aug 21,CHW,@,BOS,W6-0,SHO,W,4,9.0,0,0,0,1,2,0,0,3.26,,29,,,,,13,13,1,1,0,88,0,0,0,27,0,0,0,0,0,1,.56,0.331,.01,0.00%,4.61,lyonste01
209,Dazzy Vance,,149,134,1925,Sep 13(1),BRO,,PHI,W10-1,CG,W,4,9.0,0,1,0,1,9,0,0,3.28,,29,,,,,6,13,1,4,0,93,0,0,0,27,0,0,0,0,1,1,.41,0.153,.00,0.00%,3.99,vanceda01
210,Jesse Haines,,173,82,1924,Jul 17,STL,,BSN,W5-0,SHO,W,5,9.0,0,0,0,3,5,0,0,3.32,,30,,,,,9,13,2,2,0,89,0,0,0,27,0,0,0,0,0,0,.51,0.327,.00,0.00%,4.48,haineje01
211,Howard Ehmke,,242,125,1923,Sep 7,BOS,@,PHA,W4-0,SHO,W,3,9.0,0,0,0,1,1,0,0,3.54,,28,,,,,20,6,0,3,0,87,0,0,0,27,0,0,0,1,0,1,.88,0.567,.00,0.00%,4.86,ehmkeho01
212,Sad Sam Jones,,284,125,1923,Sep 4,NYY,@,PHA,W2-0,SHO,W,3,9.0,0,0,0,1,0,0,0,3.91,,29,,,,,15,13,0,2,0,86,0,0,0,28,0,0,0,0,0,1,1.03,0.653,.01,0.01%,4.86,jonessa01
213,Jesse Barnes,,229,20,1922,May 7,NYG,,PHI,W6-0,SHO,W,5,9.0,0,0,0,1,5,0,0,1.93,,27,,,,,15,6,1,2,0,91,0,0,0,26,0,0,0,1,0,0,.36,0.230,1.69,0.64%,5.15,barneje01
214,Charlie Robertson,Y,5,15,1922,Apr 30,CHW,@,DET,W2-0,SHO,W,3,9.0,0,0,0,0,6,0,0,2.42,,27,,,,,7,14,2,3,0,93,0,0,0,27,0,0,0,0,0,0,.92,0.633,2.42,1.00%,4.64,roberch01
215,Walter Johnson,,563,61,1920,Jul 1,WSH,@,BOS,W1-0,SHO,W,3,9.0,0,0,0,0,10,0,0,2.89,,28,,,,,4,14,0,0,0,97,0,0,0,28,0,0,0,0,0,1,1.32,0.814,1.39,0.51%,4.60,johnswa01
216,Ray Caldwell,,270,123,1919,Sep 10(1),CLE,@,NYY,W3-0,SHO,W,7,9.0,0,0,0,1,5,0,0,3.63,,29,,,,,11,12,1,0,0,91,0,0,0,28,0,0,0,0,0,1,.76,0.452,.17,0.06%,4.11,caldwra02
217,Hod Eller,,79,15,1919,May 11,CIN,,STL,W6-0,SHO,W,5,9.0,0,0,0,3,8,0,0,2.21,,28,,,,,7,10,0,2,0,92,0,2,0,25,0,0,0,0,0,0,.46,0.266,1.66,0.58%,3.57,ellerho01
218,Dutch Leonard*,,206,42,1918,Jun 3,BOS,@,DET,W5-0,SHO,W,3,9.0,0,0,0,1,4,0,0,3.05,,28,,,,,10,13,0,4,0,90,0,0,0,27,0,0,0,0,0,0,.46,0.283,2.35,0.86%,3.44,leonadu01
219,Bob Groom,,323,19,1917,May 6(2),SLB,,CHW,W3-0,SHO,W,-1,9.0,0,0,0,3,4,0,1,1.48,,28,,,,,7,13,1,4,0,88,0,1,1,23,0,0,0,1,0,0,.90,0.431,2.96,0.85%,3.49,groombo01
220,Ernie Koob*,,68,17,1917,May 5,SLB,,CHW,W1-0,SHO,W,5,9.0,0,0,0,5,2,0,0,2.62,,32,,,,,19,6,2,0,0,84,0,0,0,27,0,0,0,2,0,2,1.23,0.643,3.57,1.12%,3.49,koober01
221,Fred Toney,,117,20,1917,May 2,CIN,@,CHC,W1-0,SHO(10),W,4,10.0,0,0,0,2,3,0,0,1.53,,32,,,,,10,17,2,9,0,93,0,0,0,30,0,0,0,0,0,0,1.21,0.799,2.72,1.08%,4.20,toneyfr01
222,George Mogridge*,,59,9,1917,Apr 24,NYY,@,BOS,W2-1,CG,W,9,9.0,0,1,0,3,3,0,0,1.00,,32,,,,,22,4,0,0,0,85,0,1,0,26,0,0,1,0,1,2,1.72,0.413,5.06,0.73%,2.60,mogrige01
223,Eddie Cicotte,,339,3,1917,Apr 14,CHW,@,SLB,W11-0,SHO,W,99,9.0,0,0,0,3,5,0,1,0.00,,31,,,,,10,12,1,3,0,89,1,0,0,27,0,0,0,1,0,1,.25,0.063,.61,0.09%,3.49,cicoted01
224,Dutch Leonard*,,149,123,1916,Aug 30,BOS,,SLB,W4-0,SHO,W,0,9.0,0,0,0,2,3,0,0,2.26,,29,,,,,8,16,0,4,0,88,0,0,0,27,0,0,0,0,0,0,.53,0.349,6.01,2.37%,3.71,leonadu01
225,Bullet Joe Bush,,138,118,1916,Aug 26,PHA,,CLE,W5-0,SHO,W,0,9.0,0,0,0,1,7,0,0,2.20,,28,,,,,7,13,2,0,0,93,0,0,0,26,0,0,0,0,0,0,.55,0.282,.00,0.00%,3.45,bushjo01
226,Rube Foster,,102,55,1916,Jun 21,BOS,,NYY,W2-0,SHO,W,4,9.0,0,0,0,3,3,0,0,4.04,,29,,,,,5,18,0,3,0,87,0,1,0,25,0,0,0,0,0,0,1.01,0.525,1.94,0.61%,3.71,fosteru01
227,Tom Hughes,,120,46,1916,Jun 16,BSN,,PIT,W2-0,SHO,W,2,9.0,0,0,0,2,7,0,0,2.63,,30,,,,,5,16,2,5,0,92,1,0,0,28,0,0,0,0,0,1,.93,0.560,1.42,0.51%,3.24,hugheto02
228,Dave Davenport,,86,133,1915,Sep 7(1),SLM,,CHI,W3-0,SHO,W,1,9.0,0,0,0,2,3,0,0,2.28,,28,,,,,,,,,,88,,,,26,0,0,0,,0,,,,,,,davenda01
229,Jimmy Lavender,,149,121,1915,Aug 31(1),CHC,@,NYG,W2-0,SHO,W,4,9.0,0,0,0,1,8,0,0,2.39,,29,,,,,17,3,0,1,0,94,0,0,0,28,0,0,0,0,0,1,1.02,0.518,1.42,0.43%,3.50,lavenji01
230,Alex Main,,62,108,1915,Aug 16,KCP,@,BUF,W5-0,SHO,W,3,9.0,0,0,0,1,7,0,0,2.26,,30,,,,,,,,,,93,,,,29,0,0,0,,0,,,,,,,mainal01
231,Claude Hendrix,,159,28,1915,May 15,CHI,@,PBS,W10-0,SHO,W,5,9.0,0,0,0,3,3,0,0,1.60,,30,,,,,,,,,,87,,,,26,0,0,0,,0,,,,,,,hendrcl01
232,Frank Allen*,,96,12,1915,Apr 24,PBS,@,SLM,W2-0,SHO,W,2,9.0,0,0,0,4,2,0,0,1.16,,31,,,,,,,,,,85,,,,27,0,0,0,,0,,,,,,,allenfr01
233,Rube Marquard*,,213,2,1915,Apr 15,NYG,,BRO,W2-0,SHO,W,99,9.0,0,0,0,2,2,0,0,0.00,,30,,,,,17,9,1,1,0,87,0,0,0,28,0,0,0,0,0,1,1.09,0.530,3.05,0.89%,3.50,marquru01
234,Ed Lafitte,,70,136,1914,Sep 19(1),BTT,,KCP,W6-2,CG,W,2,9.0,0,2,0,7,1,0,1,2.69,,35,,,,,,,,,,77,,,,27,0,0,,,,,,,,,,lafited01
235,George Davis,,16,126,1914,Sep 9(2),BSN,,PHI,W7-0,SHO,W,5,9.0,0,0,0,5,4,0,0,3.04,,32,,,,,,,,,,86,,,,27,0,0,,,0,,,,,,,davisge02
236,Joe Benz,,99,40,1914,May 31,CHW,,CLE,W6-1,CG,W,4,9.0,0,1,0,2,3,0,0,1.23,,29,,,,,,,,,,86,,,,27,0,0,,,0,,,,,,,benzjo01
237,Jeff Tesreau,,27,127,1912,Sep 6(1),NYG,@,PHI,W3-0,SHO,W,1,9.0,0,0,0,2,2,0,0,2.38,,30,,,,,7,19,0,7,0,87,0,0,0,28,0,0,0,0,0,2,.88,0.500,.68,0.23%,4.95,tesreje01
238,Earl Hamilton*,,65,125,1912,Aug 30,SLB,@,DET,W5-1,CG,W,3,9.0,0,1,0,2,0,0,0,3.35,,31,,,,,16,13,2,3,0,83,0,0,0,29,0,0,0,0,0,2,.79,0.333,.00,0.00%,3.39,hamilea01
239,George Mullin,,414,73,1912,Jul 4(2),DET,,SLB,W7-0,SHO,W,2,9.0,0,0,0,5,5,0,0,2.98,,31,,,,,13,8,0,1,0,87,2,1,0,25,0,0,0,0,0,1,.78,0.375,.19,0.06%,4.39,mullige01
240,Ed Walsh,,324,121,1911,Aug 27,CHW,,BOS,W5-0,SHO,W,2,9.0,0,0,0,1,8,0,0,0.52,,28,,,,,,,,,,94,,,,27,0,0,,,,,,,,,,walshed01
241,Smoky Joe Wood,,96,93,1911,Jul 29(1),BOS,,SLB,W5-0,SHO,W,5,9.0,0,0,0,2,12,0,1,0.14,,29,,,,,,,,,,97,,,,25,0,0,,,,,,,,,,woodjo02
242,Charles Bender,,226,18,1910,May 12,PHA,,CLE,W4-0,SHO,W,4,9.0,0,0,0,1,4,0,0,0.00,,27,,,,,,,,,,90,,,,26,0,0,,,,,,,,,,bendech01
243,Addie Joss,,275,5,1910,Apr 20,CLE,@,CHW,W1-0,SHO,W,5,9.0,0,0,0,2,2,0,0,0.00,,29,,,,,,,,,,87,,,,26,0,0,,,,,,,,,,jossad01
244,Addie Joss,Y,239,152,1908,Oct 2,CLE,,CHW,W1-0,SHO,W,5,9.0,0,0,0,0,3,0,0,0.00,,27,,,,,,,,,,90,,,,27,0,0,,,,,,,,,,jossad01
245,Frank Smith,,162,143,1908,Sep 20,CHW,,PHA,W1-0,SHO,W,6,9.0,0,0,0,1,2,0,0,0.00,,29,,,,,,,,,,88,,,,28,0,0,,,,,,,,,,smithfr03
246,Bob Rhoads,,194,141,1908,Sep 18,CLE,,BOS,W2-1,CG,W,4,9.0,0,1,,2,2,0,1,0.00,,33,,,,,,,,,,,,,,26,0,0,,,,,,,,,,rhoadbo01
247,Nap Rucker*,,71,122,1908,Sep 5(2),BRO,,BSN,W6-0,SHO,W,2,9.0,0,0,0,0,14,0,0,0.00,,29,,,,,,,,,,101,,,,29,0,0,,,,,,,,,,ruckena01
248,Hooks Wiltse*,,146,68,1908,Jul 4(1),NYG,,PHI,W1-0,SHO,W,6,10.0,0,0,0,0,5,0,1,0.00,,31,,,,,,,,,,97,,,,30,0,0,,,,,,,,,,wiltsho01
249,Cy Young,,813,66,1908,Jun 30,BOS,@,NYY,W8-0,SHO,W,4,9.0,0,0,0,1,2,0,0,0.00,,27,,,,,,,,,,88,,,,26,0,0,,,,,,,,,,youngcy01
250,Nick Maddox,,3,139,1907,Sep 20,PIT,,BRO,W2-1,CG,W,3,9.0,0,1,,3,5,0,1,0.00,,32,,,,,,,,,,,,,,27,0,0,,,,,,,,,,maddoni01
251,Big Jeff Pfeffer,,55,19,1907,May 8,BSN,,CIN,W6-0,SHO,W,8,9.0,0,0,0,1,3,0,1,0.00,,30,,,,,,,,,,89,,,,27,0,0,,,,,,,,,,pfeffbi01
252,Mal Eason,,108,82,1906,Jul 20,BRO,@,STL,W2-0,SHO,W,4,9.0,0,0,0,3,5,0,0,0.00,,30,,,,,,,,,,89,,,,27,0,0,,,,,,,,,,easonma01
253,Johnny Lush*,,15,17,1906,May 1,PHI,@,BRO,W6-0,SHO,W,3,9.0,0,0,0,3,11,0,0,0.00,,31,,,,,,,,,,95,,,,27,0,0,,,,,,,,,,lushjo01
254,Bill Dinneen,,288,141,1905,Sep 27(1),BOS,,CHW,W2-0,SHO,W,26,9.0,0,0,0,2,6,0,1,0.00,,30,,,,,,,,,,91,,,,26,0,0,,,,,,,,,,dinnebi01
255,Frank Smith,,57,124,1905,Sep 6(2),CHW,@,DET,W15-0,SHO,W,3,9.0,0,0,0,3,8,0,0,0.00,,30,,,,,,,,,,92,,,,27,0,0,,,,,,,,,,smithfr03
256,Weldon Henley,,77,77,1905,Jul 22(1),PHA,@,SLB,W6-0,SHO,W,8,9.0,0,0,0,3,2,0,0,0.00,,28,,,,,,,,,,86,,,,25,0,0,,,,,,,,,,henlewe01
257,Christy Mathewson,,186,51,1905,Jun 13,NYG,@,CHC,W1-0,SHO,W,3,9.0,0,0,0,0,2,0,0,0.00,,28,,,,,,,,,,89,,,,28,0,0,,,,,,,,,,mathech01
258,Jesse Tannehill*,,254,101,1904,Aug 17,BOS,@,CHW,W6-0,SHO,W,2,9.0,0,0,0,1,4,0,1,2.21,,29,,,,,,,,,,90,,,,26,0,0,,,,,,,,,,tanneje01
259,Cy Young,Y,638,16,1904,May 5,BOS,,PHA,W3-0,SHO,W,4,9.0,0,0,0,0,8,0,0,1.54,,27,,,,,,,,,,95,,,,27,0,0,,,,,,,,,,youngcy01
260,Chick Fraser,,271,128,1903,Sep 18(2),PHI,@,CHC,W10-0,SHO,W,5,9.0,0,0,0,5,4,0,0,0.00,,34,,,,,,,,,,86,,,,29,0,0,,,,,,,,,,frasech01
261,Jimmy Callahan,,190,129,1902,Sep 20(1),CHW,,DET,W3-0,SHO,W,4,9.0,0,0,0,2,2,0,0,3.57,,30,,,,,,,,,,87,,,,28,0,0,,,,,,,,,,callani01
262,Christy Mathewson,,29,64,1901,Jul 15,NYG,@,STL,W5-0,SHO,W,2,9.0,0,0,0,4,4,0,0,1.64,,31,,,,,,,,,,87,,,,27,0,0,,,,,,,,,,mathech01
263,Pete Dowling*,,93,54,1901,Jun 30,CLE,@,MLA,W7-0,SHO,W,1,9.0,0,0,0,4,0,0,1,4.09,,31,,,,,,,,,,83,,,,26,0,0,,,,,,,,,,dowlipe01
264,Noodles Hahn*,,,,1900,Jul 12,CIN,,PHI,W4-0,,,,,,,,,,,,---,,,,,,,,,,,,,,,,,,,,,,,,,,,,hahnno01
265,Vic Willis,,,,1899,Aug 7,BSN,,WHS,W7-1,,,,,,,,,,,,---,,,,,,,,,,,,,,,,,,,,,,,,,,,,willivi01
266,Deacon Phillippe,,,,1899,May 25,LOU,,NYG,W7-0,,,,,,,,,,,,---,,,,,,,,,,,,,,,,,,,,,,,,,,,,phillde01
267,Walter Thornton*,,,,1898,Aug 21,CHC,,BRO,W2-0,,,,,,,,,,,,---,,,,,,,,,,,,,,,,,,,,,,,,,,,,thornwa01
268,Red Donahue,,,,1898,Jul 8,PHI,,BSN,W5-0,,,,,,,,,,,,---,,,,,,,,,,,,,,,,,,,,,,,,,,,,donahre01
269,Theodore Breitenstein*,,,,1898,Apr 22,CIN,,PIT,W11-0,,,,,,,,,,,,---,,,,,,,,,,,,,,,,,,,,,,,,,,,,breitte01
270,Jay Hughes,,,,1898,Apr 22,BLN,,BSN,W8-0,,,,,,,,,,,,---,,,,,,,,,,,,,,,,,,,,,,,,,,,,hugheja01
271,Cy Young,,,,1897,Sep 18,CLV,,CIN,W6-0,,,,,,,,,,,,---,,,,,,,,,,,,,,,,,,,,,,,,,,,,youngcy01
272,Bill Hawke,,,,1893,Aug 16,BLN,@,WHS,W5-0,,,,,,,,,,,,---,,,,,,,,,,,,,,,,,,,,,,,,,,,,hawkebi01
273,Bumpus Jones,,,,1892,Oct 15,CIN,,PIT,W7-1,,,,,,,,,,,,---,,,,,,,,,,,,,,,,,,,,,,,,,,,,jonesbu01
274,Ben Sanders,,,,1892,Aug 22,LOU,,BLN,W6-2,,,,,,,,,,,,---,,,,,,,,,,,,,,,,,,,,,,,,,,,,sandebe01
275,Jack Stivetts,,,,1892,Aug 6,BSN,@,BRO,W11-0,,,,,,,,,,,,---,,,,,,,,,,,,,,,,,,,,,,,,,,,,stiveja01
276,Theodore Breitenstein*,,,,1891,Oct 4,STL,,LOU,W8-0,,,,,,,,,,,,---,,,,,,,,,,,,,,,,,,,,,,,,,,,,breitte01
277,Amos Rusie,,,,1891,Jul 31,NYG,,BRO,W6-0,,,,,,,,,,,,---,,,,,,,,,,,,,,,,,,,,,,,,,,,,rusieam01
278,Tom Lovett,,,,1891,Jun 22,BRO,,NYG,W4-0,,,,,,,,,,,,---,,,,,,,,,,,,,,,,,,,,,,,,,,,,lovetto01
279,Ledell Titcomb*,,,,1890,Sep 15,ROC,,SYR,W7-0,,,,,,,,,,,,---,,,,,,,,,,,,,,,,,,,,,,,,,,,,titcoca01
280,Gus Weyhing,,,,1888,Jul 31,PHA,,KCC,W4-0,,,,,,,,,,,,---,,,,,,,,,,,,,,,,,,,,,,,,,,,,weyhigu01
281,Ed Seward,,,,1888,Jul 26,PHA,,CIN,W12-2,,,,,,,,,,,,---,,,,,,,,,,,,,,,,,,,,,,,,,,,,sewared01
282,Henry Porter,,,,1888,Jun 6,KCC,@,BAL,W4-0,,,,,,,,,,,,---,,,,,,,,,,,,,,,,,,,,,,,,,,,,portehe01
283,Adonis Terry,,,,1888,May 27,BRO,,LOU,W4-0,,,,,,,,,,,,---,,,,,,,,,,,,,,,,,,,,,,,,,,,,terryad01
284,Matt Kilroy*,,,,1886,Oct 6,BAL,@,PIT,W6-0,,,,,,,,,,,,---,,,,,,,,,,,,,,,,,,,,,,,,,,,,kilroma01
285,Adonis Terry,,,,1886,Jul 24,BRO,,STL,W1-0,,,,,,,,,,,,---,,,,,,,,,,,,,,,,,,,,,,,,,,,,terryad01
286,Al Atkinson,,,,1886,May 1,PHA,,NYP,W3-2,,,,,,,,,,,,---,,,,,,,,,,,,,,,,,,,,,,,,,,,,atkinal01
287,Charlie Ferguson,,,,1885,Aug 29,PHI,,PRO,W1-0,,,,,,,,,,,,---,,,,,,,,,,,,,,,,,,,,,,,,,,,,ferguch01
288,John Clarkson,,,,1885,Jul 27,CHC,@,PRO,W4-0,,,,,,,,,,,,---,,,,,,,,,,,,,,,,,,,,,,,,,,,,clarkjo01
289,Sam Kimber,,,,1884,Oct 4,BRO,,TOL,T0-0,,,,,,,,,,,,---,,,,,,,,,,,,,,,,,,,,,,,,,,,,kimbesa01
290,Ed Cushman*,,,,1884,Sep 28,MIL,,WHS,W5-0,,,,,,,,,,,,---,,,,,,,,,,,,,,,,,,,,,,,,,,,,cushmed01
291,Dick Burns*,,,,1884,Aug 26,COR,@,KCC,W3-1,,,,,,,,,,,,---,,,,,,,,,,,,,,,,,,,,,,,,,,,,burnsdi01
292,Pud Galvin,,,,1884,Aug 4,BUF,@,DTN,W18-0,,,,,,,,,,,,---,,,,,,,,,,,,,,,,,,,,,,,,,,,,galvipu01
293,Larry Corcoran,,,,1884,Jun 27,CHC,,PRO,W6-0,,,,,,,,,,,,---,,,,,,,,,,,,,,,,,,,,,,,,,,,,corcola01
294,Frank Mountain,,,,1884,Jun 5,COL,@,WAS,W12-0,,,,,,,,,,,,---,,,,,,,,,,,,,,,,,,,,,,,,,,,,mountfr01
295,Ed Morris*,,,,1884,May 29,COL,@,PIT,W5-0,,,,,,,,,,,,---,,,,,,,,,,,,,,,,,,,,,,,,,,,,morried01
296,Al Atkinson,,,,1884,May 24,PHA,,PIT,W10-1,,,,,,,,,,,,---,,,,,,,,,,,,,,,,,,,,,,,,,,,,atkinal01
297,Hugh Daily,,,,1883,Sep 13,CLV,@,PHI,W1-0,,,,,,,,,,,,---,,,,,,,,,,,,,,,,,,,,,,,,,,,,dailyhu01
298,Old Hoss Radbourn,,,,1883,Jul 25,PRO,@,CLV,W8-0,,,,,,,,,,,,---,,,,,,,,,,,,,,,,,,,,,,,,,,,,radboch01
299,Larry Corcoran,,,,1882,Sep 20,CHC,,WOR,W5-0,,,,,,,,,,,,---,,,,,,,,,,,,,,,,,,,,,,,,,,,,corcola01
300,Guy Hecker,,,,1882,Sep 19,LOU,@,PIT,W3-1,,,,,,,,,,,,---,,,,,,,,,,,,,,,,,,,,,,,,,,,,heckegu01
301,Tony Mullane,,,,1882,Sep 11,LOU,@,CIN,W2-0,,,,,,,,,,,,---,,,,,,,,,,,,,,,,,,,,,,,,,,,,mullato01
302,Pud Galvin,,,,1880,Aug 20,BUF,,WOR,W1-0,,,,,,,,,,,,---,,,,,,,,,,,,,,,,,,,,,,,,,,,,galvipu01
303,Larry Corcoran,,,,1880,Aug 19,CHC,,BSN,W6-0,,,,,,,,,,,,---,,,,,,,,,,,,,,,,,,,,,,,,,,,,corcola01
304,John Ward,Y,,,1880,Jun 17,PRO,,BUF,W5-0,,,,,,,,,,,,---,,,,,,,,,,,,,,,,,,,,,,,,,,,,wardjo01
305,Lee Richmond*,Y,,,1880,Jun 12,WOR,,CLV,W1-0,,,,,,,,,,,,---,,,,,,,,,,,,,,,,,,,,,,,,,,,,richmle01
306,George Bradley,,,,1876,Jul 15,STL,,HAR,W2-0,,,,,,,,,,,,---,,,,,,,,,,,,,,,,,,,,,,,,,,,,bradlge01
307,Joe Borden,,,,1875,Jul 28,PHI,,CHI,W4-0,,,,,,,,,,,,---,,,,,,,,,,,,,,,,,,,,,,,,,,,,bordejo01